{
    "alimentos": [
      {
        "categoria": "seco",
        "nombre": "Virbac",
        "imagen": "imagenes/virbac.png"
      },
      {
        "categoria": "seco",
        "nombre": "Balance",
        "imagen": "imagenes/balance.jpg"
      },
      {
        "categoria": "seco",
        "nombre": "NutriSource",
        "imagen": "imagenes/Nutri.jpg"
      },
      {
        "categoria": "humedo",
        "nombre": "Wiskas",
        "imagen": "imagenes/wiskas (1).jpg"
      },
      {
        "categoria": "humedo",
        "nombre": "Hills",
        "imagen": "imagenes/Hills.jpg"
      },
      {
        "categoria": "humedo",
        "nombre": "Felix",
        "imagen": "imagenes/felix (1).jpg"
      },
      {
        "categoria": "Barf",
        "nombre": "Carne molida",
        "imagen": "imagenes/molida (1).png"
      },
      {
        "categoria": "Barf",
        "nombre": "Carne ternero",
        "imagen": "imagenes/ternera.png"
      },
      {
        "categoria": "Barf",
        "nombre": "Hígado de pollo",
        "imagen": "imagenes/higado.png"
      },
      {
        "categoria": "postres",
        "nombre": "Helado",
        "imagen": "imagenes/helado.png"
      },
      {
        "categoria": "postres",
        "nombre": "Queque",
        "imagen": "imagenes/queque.png"
      },
      {
        "categoria": "postres",
        "nombre": "Milkshake",
        "imagen": "imagenes/milkshake.png"
      }
    ]
  }
  